curation_id,hla,package
KosticAD_2015:PRJNA231909.3101140,HLA-DQB1*03:02 protein complex;HLA protein complex with DQ4 serotype;HLA-DRB1*04:01 protein complex,cMD
KosticAD_2015:PRJNA231909.3101335,HLA-DQB1*03:02 protein complex;HLA-DQB1*05:01 protein complex;HLA-DRB1*04:01 protein complex,cMD
KosticAD_2015:PRJNA231909.3101336,HLA-DQB1*03:02 protein complex;HLA-DQB1*05:01 protein complex;HLA-DRB1*04:01 protein complex,cMD
KosticAD_2015:PRJNA231909.3101338,HLA-DQB1*03:02 protein complex;HLA-DQB1*05:01 protein complex;HLA-DRB1*04:01 protein complex,cMD
KosticAD_2015:PRJNA231909.3101436,HLA-DQB1*03:02 protein complex;HLA protein complex with DQ4 serotype;HLA-DRB1*04:01 protein complex,cMD
KosticAD_2015:PRJNA231909.3101439,HLA-DQB1*03:02 protein complex;HLA protein complex with DQ4 serotype;HLA-DRB1*04:01 protein complex,cMD
KosticAD_2015:PRJNA231909.3102732,HLA protein complex with DQ5 serotype;HLA protein complex with DQ3 serotype;HLA protein complex with DQ2 serotype;HLA-DQB1*03:02 protein complex;HLA-DRB1*04:01 protein complex,cMD
KosticAD_2015:PRJNA231909.3102986,HLA-DQB1*03:02 protein complex;HLA-DQB1*05:01 protein complex;HLA-DRB1*04:01 protein complex,cMD
KosticAD_2015:PRJNA231909.3103734,HLA protein complex with DQ5 serotype;HLA protein complex with DQ3 serotype;HLA protein complex with DQ2 serotype;HLA-DQB1*03:01 protein complex,cMD
KosticAD_2015:PRJNA231909.3103736,HLA protein complex with DQ5 serotype;HLA protein complex with DQ3 serotype;HLA protein complex with DQ2 serotype;HLA-DQB1*03:01 protein complex,cMD
KosticAD_2015:PRJNA231909.3104913,HLA protein complex with DQ5 serotype;HLA-DQA1*02:01 protein complex;HLA protein complex with DQ2 serotype;HLA protein complex with DQ2 serotype,cMD
KosticAD_2015:PRJNA231909.3105378,HLA protein complex with DQ5 serotype;HLA-DQA1*02:01 protein complex;HLA protein complex with DQ2 serotype;HLA protein complex with DQ2 serotype,cMD
KosticAD_2015:PRJNA231909.3105379,HLA protein complex with DQ5 serotype;HLA-DQA1*02:01 protein complex;HLA protein complex with DQ2 serotype;HLA protein complex with DQ2 serotype,cMD
KosticAD_2015:PRJNA231909.3105829,HLA-DQB1*03:02 protein complex;HLA-DQB1*05:01 protein complex;HLA-DRB1*04:04 protein complex,cMD
KosticAD_2015:PRJNA231909.3105875,HLA protein complex with DQ5 serotype;HLA protein complex with DQ2 serotype;HLA protein complex with DQ4 serotype,cMD
KosticAD_2015:PRJNA231909.3106384,HLA-DQB1*03:02 protein complex;HLA protein complex with DQ4 serotype;HLA-DRB1*04:01 protein complex,cMD
KosticAD_2015:PRJNA231909.3107336,HLA-DQB1*03:02 protein complex;HLA-DQB1*05:01 protein complex;HLA-DRB1*04:01 protein complex,cMD
KosticAD_2015:PRJNA231909.3107345,HLA protein complex with DQ5 serotype;HLA protein complex with DQ3 serotype;HLA protein complex with DQ2 serotype;HLA-DQB1*03:02 protein complex;HLA-DRB1*04:01 protein complex,cMD
KosticAD_2015:PRJNA231909.3107373,HLA-DQB1*03:02 protein complex;HLA protein complex with DQ4 serotype;HLA-DRB1*04:01 protein complex,cMD
KosticAD_2015:PRJNA231909.3107376,HLA-DQB1*03:02 protein complex;HLA protein complex with DQ4 serotype;HLA-DRB1*04:01 protein complex,cMD
KosticAD_2015:PRJNA231909.3107526,HLA-DQB1*03:02 protein complex;HLA-DQB1*05:01 protein complex;HLA-DRB1*04:01 protein complex,cMD
KosticAD_2015:PRJNA231909.3107527,HLA-DQB1*03:02 protein complex;HLA-DQB1*05:01 protein complex;HLA-DRB1*04:01 protein complex,cMD
KosticAD_2015:PRJNA231909.3107649,HLA-DQB1*03:02 protein complex;HLA protein complex with DQ4 serotype;HLA-DRB1*04:01 protein complex,cMD
KosticAD_2015:PRJNA231909.3107651,HLA-DQB1*03:02 protein complex;HLA protein complex with DQ4 serotype;HLA-DRB1*04:01 protein complex,cMD
KosticAD_2015:PRJNA231909.3107859,HLA-DQB1*03:02 protein complex;HLA protein complex with DQ1 serotype;HLA-DRB1*04:01 protein complex,cMD
KosticAD_2015:PRJNA231909.3107861,HLA-DQB1*03:02 protein complex;HLA protein complex with DQ1 serotype;HLA-DRB1*04:01 protein complex,cMD
KosticAD_2015:PRJNA231909.3107883,HLA-DQB1*03:02 protein complex;HLA protein complex with DQ1 serotype;HLA-DRB1*04:01 protein complex,cMD
KosticAD_2015:PRJNA231909.3107978,HLA protein complex with DQ5 serotype;HLA protein complex with DQ2 serotype;HLA protein complex with DQ4 serotype,cMD
KosticAD_2015:PRJNA231909.3108096,HLA-DQB1*03:02 protein complex;HLA protein complex with DQ1 serotype;HLA-DRB1*04:01 protein complex,cMD
KosticAD_2015:PRJNA231909.3108098,HLA-DQB1*03:02 protein complex;HLA protein complex with DQ1 serotype;HLA-DRB1*04:01 protein complex,cMD
KosticAD_2015:PRJNA231909.3108100,HLA-DQB1*03:02 protein complex;HLA protein complex with DQ1 serotype;HLA-DRB1*04:01 protein complex,cMD
KosticAD_2015:PRJNA231909.3108103,HLA-DQB1*03:02 protein complex;HLA protein complex with DQ1 serotype;HLA-DRB1*04:01 protein complex,cMD
KosticAD_2015:PRJNA231909.3108105,HLA-DQB1*03:02 protein complex;HLA protein complex with DQ1 serotype;HLA-DRB1*04:01 protein complex,cMD
KosticAD_2015:PRJNA231909.3108107,HLA-DQB1*03:02 protein complex;HLA protein complex with DQ1 serotype;HLA-DRB1*04:01 protein complex,cMD
KosticAD_2015:PRJNA231909.3108330,HLA-DQB1*03:02 protein complex;HLA protein complex with DQ4 serotype;HLA-DRB1*04:01 protein complex,cMD
KosticAD_2015:PRJNA231909.3108332,HLA-DQB1*03:02 protein complex;HLA protein complex with DQ4 serotype;HLA-DRB1*04:01 protein complex,cMD
KosticAD_2015:PRJNA231909.3108363,HLA-DQB1*03:02 protein complex;HLA protein complex with DQ1 serotype;HLA-DRB1*04:01 protein complex,cMD
KosticAD_2015:PRJNA231909.3108437,HLA-DQB1*03:02 protein complex;HLA-DQB1*06:04 protein complex;HLA-DRB1*04:04 protein complex,cMD
KosticAD_2015:PRJNA231909.3108440,HLA-DQB1*03:02 protein complex;HLA-DQB1*06:04 protein complex;HLA-DRB1*04:04 protein complex,cMD
KosticAD_2015:PRJNA231909.3108485,HLA-DQB1*03:02 protein complex;HLA protein complex with DQ4 serotype;HLA-DRB1*04:01 protein complex,cMD
KosticAD_2015:PRJNA231909.3108488,HLA-DQB1*03:02 protein complex;HLA protein complex with DQ4 serotype;HLA-DRB1*04:01 protein complex,cMD
KosticAD_2015:PRJNA231909.3108490,HLA-DQB1*03:02 protein complex;HLA protein complex with DQ4 serotype;HLA-DRB1*04:01 protein complex,cMD
KosticAD_2015:PRJNA231909.3108601,HLA-DQB1*03:02 protein complex;HLA protein complex with DQ4 serotype;HLA-DRB1*04:01 protein complex,cMD
KosticAD_2015:PRJNA231909.3108874,HLA-DQB1*03:02 protein complex;HLA-DQB1*05:01 protein complex;HLA-DRB1*04:04 protein complex,cMD
KosticAD_2015:PRJNA231909.3108875,HLA-DQB1*03:02 protein complex;HLA-DQB1*05:01 protein complex;HLA-DRB1*04:04 protein complex,cMD
KosticAD_2015:PRJNA231909.3109753,HLA protein complex with DQ5 serotype;HLA-DQA1*02:01 protein complex;HLA protein complex with DQ2 serotype;HLA protein complex with DQ2 serotype,cMD
KosticAD_2015:PRJNA231909.3109755,HLA protein complex with DQ5 serotype;HLA-DQA1*02:01 protein complex;HLA protein complex with DQ2 serotype;HLA protein complex with DQ2 serotype,cMD
KosticAD_2015:PRJNA231909.3109940,HLA protein complex with DQ5 serotype;HLA protein complex with DQ2 serotype;HLA protein complex with DQ4 serotype,cMD
KosticAD_2015:PRJNA231909.3109945,HLA protein complex with DQ5 serotype;HLA protein complex with DQ2 serotype;HLA protein complex with DQ4 serotype,cMD
KosticAD_2015:PRJNA231909.3109952,HLA protein complex with DQ5 serotype;HLA protein complex with DQ2 serotype;HLA protein complex with DQ4 serotype,cMD
KosticAD_2015:PRJNA231909.3109997,HLA-DQB1*03:02 protein complex;HLA protein complex with DQ4 serotype;HLA-DRB1*04:01 protein complex,cMD
KosticAD_2015:PRJNA231909.3110006,HLA-DQB1*03:02 protein complex;HLA protein complex with DQ4 serotype;HLA-DRB1*04:01 protein complex,cMD
KosticAD_2015:PRJNA231909.3110086,HLA-DQB1*03:02 protein complex;HLA-DQB1*05:01 protein complex;HLA-DRB1*04:01 protein complex,cMD
KosticAD_2015:PRJNA231909.3110090,HLA-DQB1*03:02 protein complex;HLA-DQB1*05:01 protein complex;HLA-DRB1*04:01 protein complex,cMD
KosticAD_2015:PRJNA231909.3110226,HLA-DQB1*03:02 protein complex;HLA-DQB1*05:01 protein complex;HLA-DRB1*04:04 protein complex,cMD
KosticAD_2015:PRJNA231909.3111969,HLA protein complex with DQ5 serotype;HLA protein complex with DQ2 serotype;HLA-DQB1*06:04 protein complex,cMD
KosticAD_2015:PRJNA231909.3111970,HLA protein complex with DQ5 serotype;HLA protein complex with DQ2 serotype;HLA-DQB1*06:04 protein complex,cMD
KosticAD_2015:PRJNA231909.3112121,HLA-DQB1*03:02 protein complex;HLA protein complex with DQ4 serotype;HLA-DRB1*04:01 protein complex,cMD
KosticAD_2015:PRJNA231909.3112122,HLA-DQB1*03:02 protein complex;HLA protein complex with DQ4 serotype;HLA-DRB1*04:01 protein complex,cMD
KosticAD_2015:PRJNA231909.3112348,HLA-DQB1*03:02 protein complex;HLA-DQB1*05:01 protein complex;HLA-DRB1*04:04 protein complex,cMD
KosticAD_2015:PRJNA231909.3112358,HLA protein complex with DQ5 serotype;HLA protein complex with DQ3 serotype;HLA protein complex with DQ2 serotype;HLA-DQB1*03:02 protein complex;HLA-DRB1*04:01 protein complex,cMD
KosticAD_2015:PRJNA231909.3112359,HLA protein complex with DQ5 serotype;HLA protein complex with DQ3 serotype;HLA protein complex with DQ2 serotype;HLA-DQB1*03:02 protein complex;HLA-DRB1*04:01 protein complex,cMD
KosticAD_2015:PRJNA231909.3112360,HLA protein complex with DQ5 serotype;HLA protein complex with DQ3 serotype;HLA protein complex with DQ2 serotype;HLA-DQB1*03:02 protein complex;HLA-DRB1*04:01 protein complex,cMD
KosticAD_2015:PRJNA231909.3112363,HLA-DQB1*03:02 protein complex;HLA protein complex with DQ4 serotype;HLA-DRB1*04:01 protein complex,cMD
KosticAD_2015:PRJNA231909.3112365,HLA-DQB1*03:02 protein complex;HLA protein complex with DQ4 serotype;HLA-DRB1*04:01 protein complex,cMD
KosticAD_2015:PRJNA231909.3112367,HLA-DQB1*03:02 protein complex;HLA protein complex with DQ4 serotype;HLA-DRB1*04:01 protein complex,cMD
KosticAD_2015:PRJNA231909.3112419,HLA-DQB1*03:02 protein complex;HLA-DQB1*05:01 protein complex;HLA-DRB1*04:01 protein complex,cMD
KosticAD_2015:PRJNA231909.3112924,HLA protein complex with DQ5 serotype;HLA protein complex with DQ2 serotype;HLA-DQB1*06:04 protein complex,cMD
KosticAD_2015:PRJNA231909.3112925,HLA protein complex with DQ5 serotype;HLA protein complex with DQ2 serotype;HLA-DQB1*06:04 protein complex,cMD
KosticAD_2015:PRJNA231909.3113035,HLA-DQB1*03:02 protein complex;HLA-DQB1*05:01 protein complex;HLA-DRB1*04:04 protein complex,cMD
KosticAD_2015:PRJNA231909.3113044,HLA-DQB1*03:02 protein complex;HLA-DQB1*05:01 protein complex;HLA-DRB1*04:01 protein complex,cMD
KosticAD_2015:PRJNA231909.3113065,HLA-DQB1*03:02 protein complex;HLA protein complex with DQ4 serotype;HLA-DRB1*04:01 protein complex,cMD
KosticAD_2015:PRJNA231909.3113068,HLA-DQB1*03:02 protein complex;HLA protein complex with DQ4 serotype;HLA-DRB1*04:01 protein complex,cMD
KosticAD_2015:PRJNA231909.3113111,HLA-DQB1*03:02 protein complex;HLA protein complex with DQ4 serotype;HLA-DRB1*04:01 protein complex,cMD
KosticAD_2015:PRJNA231909.3113114,HLA-DQB1*03:02 protein complex;HLA protein complex with DQ4 serotype;HLA-DRB1*04:01 protein complex,cMD
KosticAD_2015:PRJNA231909.3113118,HLA-DQB1*03:02 protein complex;HLA protein complex with DQ4 serotype;HLA-DRB1*04:01 protein complex,cMD
KosticAD_2015:PRJNA231909.3113339,HLA protein complex with DQ5 serotype;HLA protein complex with DQ2 serotype;HLA-DQB1*06:04 protein complex,cMD
KosticAD_2015:PRJNA231909.3113393,HLA protein complex with DQ5 serotype;HLA protein complex with DQ2 serotype;HLA-DQB1*06:04 protein complex,cMD
KosticAD_2015:PRJNA231909.3113604,HLA-DQB1*03:02 protein complex;HLA-DQB1*06:04 protein complex;HLA-DRB1*04:04 protein complex,cMD
KosticAD_2015:PRJNA231909.3113627,HLA-DQB1*03:02 protein complex;HLA protein complex with DQ4 serotype;HLA-DRB1*04:01 protein complex,cMD
KosticAD_2015:PRJNA231909.3113663,HLA-DQB1*03:02 protein complex;HLA protein complex with DQ4 serotype;HLA-DRB1*04:01 protein complex,cMD
KosticAD_2015:PRJNA231909.3113669,HLA-DQB1*03:02 protein complex;HLA-DQB1*05:01 protein complex;HLA-DRB1*04:04 protein complex,cMD
KosticAD_2015:PRJNA231909.3113765,HLA-DQB1*03:02 protein complex;HLA protein complex with DQ4 serotype;HLA-DRB1*04:01 protein complex,cMD
KosticAD_2015:PRJNA231909.3113767,HLA-DQB1*03:02 protein complex;HLA protein complex with DQ4 serotype;HLA-DRB1*04:01 protein complex,cMD
KosticAD_2015:PRJNA231909.3113831,HLA protein complex with DQ5 serotype;HLA protein complex with DQ3 serotype;HLA protein complex with DQ2 serotype;HLA-DQB1*03:02 protein complex;HLA-DRB1*04:01 protein complex,cMD
KosticAD_2015:PRJNA231909.3113834,HLA protein complex with DQ5 serotype;HLA protein complex with DQ3 serotype;HLA protein complex with DQ2 serotype;HLA-DQB1*03:02 protein complex;HLA-DRB1*04:01 protein complex,cMD
KosticAD_2015:PRJNA231909.3113933,HLA protein complex with DQ5 serotype;HLA protein complex with DQ3 serotype;HLA protein complex with DQ2 serotype;HLA-DQB1*03:02 protein complex;HLA-DRB1*04:01 protein complex,cMD
KosticAD_2015:PRJNA231909.3113936,HLA protein complex with DQ5 serotype;HLA protein complex with DQ3 serotype;HLA protein complex with DQ2 serotype;HLA-DQB1*03:02 protein complex;HLA-DRB1*04:01 protein complex,cMD
KosticAD_2015:PRJNA231909.3113996,HLA-DQB1*03:02 protein complex;HLA protein complex with DQ4 serotype;HLA-DRB1*04:01 protein complex,cMD
KosticAD_2015:PRJNA231909.3114185,HLA-DQB1*03:02 protein complex;HLA-DQB1*05:01 protein complex;HLA-DRB1*04:04 protein complex,cMD
KosticAD_2015:PRJNA231909.3114201,HLA-DQB1*03:02 protein complex;HLA-DQB1*05:01 protein complex;HLA-DRB1*04:01 protein complex,cMD
KosticAD_2015:PRJNA231909.3114542,HLA-DQB1*03:02 protein complex;HLA protein complex with DQ4 serotype;HLA-DRB1*04:01 protein complex,cMD
KosticAD_2015:PRJNA231909.3114545,HLA-DQB1*03:02 protein complex;HLA protein complex with DQ4 serotype;HLA-DRB1*04:01 protein complex,cMD
KosticAD_2015:PRJNA231909.3114755,HLA-DQB1*03:02 protein complex;HLA-DQB1*06:04 protein complex;HLA-DRB1*04:04 protein complex,cMD
KosticAD_2015:PRJNA231909.3114784,HLA-DQB1*03:02 protein complex;HLA-DQB1*05:01 protein complex;HLA-DRB1*04:04 protein complex,cMD
KosticAD_2015:PRJNA231909.3114810,HLA protein complex with DQ5 serotype;HLA protein complex with DQ3 serotype;HLA protein complex with DQ2 serotype;HLA-DQB1*03:02 protein complex;HLA-DRB1*04:01 protein complex,cMD
KosticAD_2015:PRJNA231909.3114865,HLA protein complex with DQ5 serotype;HLA protein complex with DQ2 serotype;HLA protein complex with DQ4 serotype,cMD
KosticAD_2015:PRJNA231909.3115067,HLA protein complex with DQ5 serotype;HLA protein complex with DQ3 serotype;HLA protein complex with DQ2 serotype;HLA-DQB1*03:02 protein complex;HLA-DRB1*04:01 protein complex,cMD
KosticAD_2015:PRJNA231909.3115068,HLA protein complex with DQ5 serotype;HLA protein complex with DQ3 serotype;HLA protein complex with DQ2 serotype;HLA-DQB1*03:02 protein complex;HLA-DRB1*04:01 protein complex,cMD
KosticAD_2015:PRJNA231909.3115070,HLA protein complex with DQ5 serotype;HLA protein complex with DQ3 serotype;HLA protein complex with DQ2 serotype;HLA-DQB1*03:02 protein complex;HLA-DRB1*04:01 protein complex,cMD
KosticAD_2015:PRJNA231909.3115087,HLA-DQB1*03:02 protein complex;HLA-DQB1*05:01 protein complex;HLA-DRB1*04:01 protein complex,cMD
KosticAD_2015:PRJNA231909.3115315,HLA-DQB1*03:02 protein complex;HLA protein complex with DQ4 serotype;HLA-DRB1*04:01 protein complex,cMD
KosticAD_2015:PRJNA231909.3115615,HLA protein complex with DQ5 serotype;HLA protein complex with DQ2 serotype;HLA-DQB1*06:04 protein complex,cMD
KosticAD_2015:PRJNA231909.3115643,HLA-DQB1*03:02 protein complex;HLA-DQB1*06:04 protein complex;HLA-DRB1*04:04 protein complex,cMD
KosticAD_2015:PRJNA231909.3115644,HLA-DQB1*03:02 protein complex;HLA-DQB1*06:04 protein complex;HLA-DRB1*04:04 protein complex,cMD
KosticAD_2015:PRJNA231909.3115646,HLA-DQB1*03:02 protein complex;HLA-DQB1*06:04 protein complex;HLA-DRB1*04:04 protein complex,cMD
KosticAD_2015:PRJNA231909.3116456,HLA-DQA1*02:01 protein complex;HLA protein complex with DQ3 serotype;HLA protein complex with DQ2 serotype;HLA-DQB1*03:02 protein complex;HLA-DRB1*04:04 protein complex,cMD
KosticAD_2015:PRJNA231909.3116468,HLA protein complex with DQ5 serotype;HLA protein complex with DQ3 serotype;HLA protein complex with DQ2 serotype;HLA-DQB1*03:01 protein complex,cMD
KosticAD_2015:PRJNA231909.3116471,HLA protein complex with DQ5 serotype;HLA protein complex with DQ3 serotype;HLA protein complex with DQ2 serotype;HLA-DQB1*03:01 protein complex,cMD
KosticAD_2015:PRJNA231909.3117245,HLA-DQA1*02:01 protein complex;HLA protein complex with DQ3 serotype;HLA protein complex with DQ2 serotype;HLA-DQB1*03:02 protein complex;HLA-DRB1*04:04 protein complex,cMD
KosticAD_2015:PRJNA231909.3117247,HLA-DQA1*02:01 protein complex;HLA protein complex with DQ3 serotype;HLA protein complex with DQ2 serotype;HLA-DQB1*03:02 protein complex;HLA-DRB1*04:04 protein complex,cMD
KosticAD_2015:PRJNA231909.3117249,HLA-DQA1*02:01 protein complex;HLA protein complex with DQ3 serotype;HLA protein complex with DQ2 serotype;HLA-DQB1*03:02 protein complex;HLA-DRB1*04:04 protein complex,cMD
KosticAD_2015:PRJNA231909.3117378,HLA protein complex with DQ5 serotype;HLA-DQA1*02:01 protein complex;HLA protein complex with DQ2 serotype;HLA protein complex with DQ2 serotype,cMD
KosticAD_2015:PRJNA231909.3117380,HLA protein complex with DQ5 serotype;HLA-DQA1*02:01 protein complex;HLA protein complex with DQ2 serotype;HLA protein complex with DQ2 serotype,cMD
KosticAD_2015:PRJNA231909.3117383,HLA protein complex with DQ5 serotype;HLA-DQA1*02:01 protein complex;HLA protein complex with DQ2 serotype;HLA protein complex with DQ2 serotype,cMD
KosticAD_2015:PRJNA231909.3117624,HLA protein complex with DQ5 serotype;HLA protein complex with DQ3 serotype;HLA protein complex with DQ2 serotype;HLA-DQB1*03:01 protein complex,cMD
KosticAD_2015:PRJNA231909.3117627,HLA protein complex with DQ5 serotype;HLA protein complex with DQ3 serotype;HLA protein complex with DQ2 serotype;HLA-DQB1*03:01 protein complex,cMD
KosticAD_2015:PRJNA231909.3119726,HLA-DQA1*02:01 protein complex;HLA protein complex with DQ3 serotype;HLA protein complex with DQ2 serotype;HLA-DQB1*03:02 protein complex;HLA-DRB1*04:04 protein complex,cMD
KosticAD_2015:PRJNA231909.3119727,HLA-DQA1*02:01 protein complex;HLA protein complex with DQ3 serotype;HLA protein complex with DQ2 serotype;HLA-DQB1*03:02 protein complex;HLA-DRB1*04:04 protein complex,cMD
KosticAD_2015:PRJNA231909.3119729,HLA-DQA1*02:01 protein complex;HLA protein complex with DQ3 serotype;HLA protein complex with DQ2 serotype;HLA-DQB1*03:02 protein complex;HLA-DRB1*04:04 protein complex,cMD
VatanenT_2016:G69146,HLA protein complex with DQ5 serotype,cMD
VatanenT_2016:G69147,HLA-DRB1*04:01 protein complex,cMD
VatanenT_2016:G69148,HLA-DRB1*04:01 protein complex,cMD
VatanenT_2016:G69149,HLA protein complex with DQ5 serotype,cMD
VatanenT_2016:G69150,HLA-DRB1*04:01 protein complex,cMD
VatanenT_2016:G69152,HLA protein complex with DQ5 serotype;HLA protein complex with DQ5 serotype,cMD
VatanenT_2016:G69153,HLA-DQA1*02:01 protein complex;HLA protein complex with DQ5 serotype,cMD
VatanenT_2016:G69154,HLA protein complex with DQ5 serotype;HLA protein complex with DQ5 serotype,cMD
VatanenT_2016:G69155,HLA-DRB1*04:04 protein complex;HLA protein complex with DQ3 serotype;HLA-DQA1*02:01 protein complex,cMD
VatanenT_2016:G69156,HLA protein complex with DQ5 serotype,cMD
VatanenT_2016:G69157,HLA-DQA1*02:01 protein complex;HLA protein complex with DQ5 serotype,cMD
VatanenT_2016:G69158,HLA protein complex with DQ5 serotype;HLA protein complex with DQ5 serotype,cMD
VatanenT_2016:G69159,HLA-DRB1*04:02 protein complex;HLA protein complex with DQ3 serotype;HLA protein complex with DQ5 serotype,cMD
VatanenT_2016:G69160,HLA-DRB1*04:02 protein complex;HLA protein complex with DQ3 serotype;HLA protein complex with DQ5 serotype,cMD
VatanenT_2016:G69161,HLA-DRB1*04:01 protein complex,cMD
VatanenT_2016:G69162,HLA-DRB1*04:01 protein complex,cMD
VatanenT_2016:G69163,HLA-DRB1*04:01 protein complex,cMD
VatanenT_2016:G69164,HLA protein complex with DQ3 serotype;HLA protein complex with DQ5 serotype,cMD
VatanenT_2016:G69166,HLA-DRB1*04:04 protein complex;HLA protein complex with DQ3 serotype;HLA protein complex with DQ5 serotype,cMD
VatanenT_2016:G69167,HLA-DRB1*04:04 protein complex;HLA protein complex with DQ3 serotype;HLA protein complex with DQ5 serotype,cMD
VatanenT_2016:G69170,HLA protein complex with DQ5 serotype;HLA protein complex with DQ5 serotype,cMD
VatanenT_2016:G69171,HLA-DRB1*04:01 protein complex,cMD
VatanenT_2016:G69172,HLA protein complex with DQ5 serotype,cMD
VatanenT_2016:G69173,HLA-DQA1*02:01 protein complex;HLA protein complex with DQ5 serotype,cMD
VatanenT_2016:G69174,HLA-DQA1*02:01 protein complex;HLA protein complex with DQ5 serotype,cMD
VatanenT_2016:G69175,HLA-DRB1*04:04 protein complex,cMD
VatanenT_2016:G69176,HLA-DRB1*04:04 protein complex,cMD
VatanenT_2016:G69177,HLA-DRB1*04:01 protein complex,cMD
VatanenT_2016:G69178,HLA protein complex with DQ3 serotype;HLA protein complex with DQ5 serotype,cMD
VatanenT_2016:G69179,HLA-DRB1*04:04 protein complex,cMD
VatanenT_2016:G69180,HLA-DRB1*04:08 protein complex,cMD
VatanenT_2016:G69181,HLA-DRB1*04:04 protein complex,cMD
VatanenT_2016:G69182,HLA-DQA1*02:01 protein complex;HLA protein complex with DQ5 serotype,cMD
VatanenT_2016:G69183,HLA protein complex with DQ3 serotype;HLA protein complex with DQ3 serotype;HLA-DRB1*04:04 protein complex,cMD
VatanenT_2016:G69184,HLA-DRB1*04:04 protein complex,cMD
VatanenT_2016:G69185,HLA-DRB1*04:04 protein complex;HLA protein complex with DQ3 serotype;HLA-DQA1*02:01 protein complex,cMD
VatanenT_2016:G69186,HLA-DRB1*04:04 protein complex,cMD
VatanenT_2016:G69187,HLA protein complex with DQ5 serotype,cMD
VatanenT_2016:G69188,HLA-DQA1*02:01 protein complex;HLA protein complex with DQ5 serotype,cMD
VatanenT_2016:G69189,HLA protein complex with DQ5 serotype,cMD
VatanenT_2016:G69190,HLA-DRB1*04:01 protein complex;HLA protein complex with DQ3 serotype;HLA protein complex with DQ5 serotype,cMD
VatanenT_2016:G69191,HLA-DRB1*04:01 protein complex,cMD
VatanenT_2016:G69192,HLA protein complex with DQ3 serotype;HLA protein complex with DQ5 serotype,cMD
VatanenT_2016:G69193,HLA protein complex with DQ3 serotype;HLA protein complex with DQ5 serotype,cMD
VatanenT_2016:G69194,HLA-DRB1*04:02 protein complex,cMD
VatanenT_2016:G69195,HLA protein complex with DQ5 serotype,cMD
VatanenT_2016:G69196,HLA protein complex with DQ5 serotype;HLA protein complex with DQ5 serotype,cMD
VatanenT_2016:G69197,HLA protein complex with DQ3 serotype;HLA protein complex with DQ3 serotype;HLA-DRB1*04:04 protein complex,cMD
VatanenT_2016:G69198,HLA-DRB1*04:01 protein complex,cMD
VatanenT_2016:G69199,HLA-DQA1*02:01 protein complex;HLA protein complex with DQ5 serotype,cMD
VatanenT_2016:G69201,HLA protein complex with DQ5 serotype,cMD
VatanenT_2016:G69202,HLA-DRB1*04:05 protein complex,cMD
VatanenT_2016:G69203,HLA protein complex with DQ5 serotype,cMD
VatanenT_2016:G69204,HLA-DQA1*02:01 protein complex;HLA protein complex with DQ5 serotype,cMD
VatanenT_2016:G69205,HLA-DRB1*04:04 protein complex,cMD
VatanenT_2016:G69206,HLA protein complex with DQ5 serotype,cMD
VatanenT_2016:G69207,HLA-DQA1*02:01 protein complex;HLA protein complex with DQ5 serotype,cMD
VatanenT_2016:G69208,HLA-DRB1*04:05 protein complex,cMD
VatanenT_2016:G69209,HLA protein complex with DQ5 serotype,cMD
VatanenT_2016:G69210,HLA protein complex with DQ5 serotype,cMD
VatanenT_2016:G69211,HLA protein complex with DQ5 serotype,cMD
VatanenT_2016:G69212,HLA protein complex with DQ5 serotype,cMD
VatanenT_2016:G69213,HLA protein complex with DQ5 serotype,cMD
VatanenT_2016:G69214,HLA protein complex with DQ5 serotype,cMD
VatanenT_2016:G69215,HLA protein complex with DQ5 serotype,cMD
VatanenT_2016:G69216,HLA-DRB1*04:05 protein complex,cMD
VatanenT_2016:G69217,HLA protein complex with DQ5 serotype,cMD
VatanenT_2016:G69218,HLA-DRB1*04:01 protein complex,cMD
VatanenT_2016:G69219,HLA-DRB1*04:04 protein complex;HLA protein complex with DQ3 serotype;HLA-DQA1*02:01 protein complex,cMD
VatanenT_2016:G69221,HLA-DRB1*04:01 protein complex;HLA protein complex with DQ3 serotype;HLA protein complex with DQ5 serotype,cMD
VatanenT_2016:G69222,HLA protein complex with DQ5 serotype,cMD
VatanenT_2016:G69223,HLA-DRB1*04:01 protein complex,cMD
VatanenT_2016:G69224,HLA-DRB1*04:04 protein complex,cMD
VatanenT_2016:G69225,HLA-DQA1*02:01 protein complex;HLA protein complex with DQ5 serotype,cMD
VatanenT_2016:G69226,HLA-DRB1*04:01 protein complex;HLA protein complex with DQ3 serotype;HLA protein complex with DQ5 serotype,cMD
VatanenT_2016:G69227,HLA protein complex with DQ5 serotype,cMD
VatanenT_2016:G69228,HLA-DRB1*04:01 protein complex;HLA protein complex with DQ3 serotype;HLA protein complex with DQ5 serotype,cMD
VatanenT_2016:G69229,HLA protein complex with DQ5 serotype,cMD
VatanenT_2016:G69230,HLA-DRB1*04:04 protein complex,cMD
VatanenT_2016:G69231,HLA-DRB1*04:04 protein complex,cMD
